user_input,ai_response,category,follow_up,tone
"I enjoy cooking, but it takes a lot of time.",Improving skills takes practice! You could start by mastering basic knife skills.,Cooking,Would you like ideas for quick tips to sharpen your skills?,Friendly
Do you have tips for baking?,"For seasoning, start simple with salt, pepper, and garlic. Experiment from there.",Cooking,What’s your favorite spice to use in meals?,Friendly
I’ve been experimenting with new recipes.,Batch cooking could save time. Preparing meals ahead can make it easier.,Cooking,Would you like some tips on how to batch cook efficiently?,Encouraging
"I enjoy cooking, but it takes a lot of time.",How about trying a simple vegetable stir-fry? It’s quick and healthy.,Cooking,Do you have a favorite vegetable to cook?,Empathetic
I want to try making bread at home.,Experimenting is great! Maybe you could try making a unique pasta sauce.,Cooking,What’s the most adventurous recipe you’ve tried so far?,Patient
How can I improve my cooking skills?,Batch cooking could save time. Preparing meals ahead can make it easier.,Cooking,Would you like some tips on how to batch cook efficiently?,Reassuring
How can I improve my cooking skills?,You could try a fruit salad or a classic vanilla pudding for dessert.,Cooking,What kind of desserts do you and your family enjoy most?,Patient
I want to try making bread at home.,"For seasoning, start simple with salt, pepper, and garlic. Experiment from there.",Cooking,What’s your favorite spice to use in meals?,Friendly
I love cooking for my family.,Improving skills takes practice! You could start by mastering basic knife skills.,Cooking,Would you like ideas for quick tips to sharpen your skills?,Encouraging
What’s the best way to cook healthy meals?,Batch cooking could save time. Preparing meals ahead can make it easier.,Cooking,Would you like some tips on how to batch cook efficiently?,Reassuring
What’s the best way to cook healthy meals?,How about trying a simple vegetable stir-fry? It’s quick and healthy.,Cooking,Do you have a favorite vegetable to cook?,Patient
What’s a simple recipe I can try?,"For baking, make sure your measurements are precise for the best results.",Cooking,Have you tried baking cakes or cookies recently?,Friendly
I love cooking for my family.,Batch cooking could save time. Preparing meals ahead can make it easier.,Cooking,Would you like some tips on how to batch cook efficiently?,Reassuring
I love cooking for my family.,You could try a fruit salad or a classic vanilla pudding for dessert.,Cooking,What kind of desserts do you and your family enjoy most?,Patient
Do you have tips for baking?,Bread making is fun! You could try a simple no-knead bread recipe to start.,Cooking,Have you baked bread before?,Reassuring
"I enjoy cooking, but it takes a lot of time.",Cooking healthy meals is easy with fresh ingredients like lean meats and veggies.,Cooking,Do you enjoy cooking with seasonal produce?,Reassuring
I’ve been experimenting with new recipes.,Cooking for your family must be so rewarding. They must love your meals.,Cooking,What’s their favorite dish that you make?,Reassuring
What’s a good dessert to make?,Cooking for your family must be so rewarding. They must love your meals.,Cooking,What’s their favorite dish that you make?,Reassuring
I love cooking for my family.,Cooking for your family must be so rewarding. They must love your meals.,Cooking,What’s their favorite dish that you make?,Reassuring
What’s a good dessert to make?,Improving skills takes practice! You could start by mastering basic knife skills.,Cooking,Would you like ideas for quick tips to sharpen your skills?,Empathetic
I love cooking for my family.,"For baking, make sure your measurements are precise for the best results.",Cooking,Have you tried baking cakes or cookies recently?,Empathetic
I’d like to learn more about seasoning food.,"For baking, make sure your measurements are precise for the best results.",Cooking,Have you tried baking cakes or cookies recently?,Empathetic
How can I improve my cooking skills?,How about trying a simple vegetable stir-fry? It’s quick and healthy.,Cooking,Do you have a favorite vegetable to cook?,Empathetic
I’d like to learn more about seasoning food.,Cooking for your family must be so rewarding. They must love your meals.,Cooking,What’s their favorite dish that you make?,Patient
How can I improve my cooking skills?,"For seasoning, start simple with salt, pepper, and garlic. Experiment from there.",Cooking,What’s your favorite spice to use in meals?,Empathetic
What’s the best way to cook healthy meals?,How about trying a simple vegetable stir-fry? It’s quick and healthy.,Cooking,Do you have a favorite vegetable to cook?,Encouraging
I’ve been experimenting with new recipes.,Experimenting is great! Maybe you could try making a unique pasta sauce.,Cooking,What’s the most adventurous recipe you’ve tried so far?,Reassuring
What’s a simple recipe I can try?,Bread making is fun! You could try a simple no-knead bread recipe to start.,Cooking,Have you baked bread before?,Empathetic
I’d like to learn more about seasoning food.,Experimenting is great! Maybe you could try making a unique pasta sauce.,Cooking,What’s the most adventurous recipe you’ve tried so far?,Friendly
I love cooking for my family.,How about trying a simple vegetable stir-fry? It’s quick and healthy.,Cooking,Do you have a favorite vegetable to cook?,Encouraging
How can I improve my cooking skills?,"For seasoning, start simple with salt, pepper, and garlic. Experiment from there.",Cooking,What’s your favorite spice to use in meals?,Friendly
Do you have tips for baking?,Cooking for your family must be so rewarding. They must love your meals.,Cooking,What’s their favorite dish that you make?,Patient
What’s a good dessert to make?,Experimenting is great! Maybe you could try making a unique pasta sauce.,Cooking,What’s the most adventurous recipe you’ve tried so far?,Encouraging
What’s a simple recipe I can try?,Bread making is fun! You could try a simple no-knead bread recipe to start.,Cooking,Have you baked bread before?,Friendly
I love cooking for my family.,"For seasoning, start simple with salt, pepper, and garlic. Experiment from there.",Cooking,What’s your favorite spice to use in meals?,Reassuring
I want to try making bread at home.,Bread making is fun! You could try a simple no-knead bread recipe to start.,Cooking,Have you baked bread before?,Friendly
Do you have tips for baking?,Batch cooking could save time. Preparing meals ahead can make it easier.,Cooking,Would you like some tips on how to batch cook efficiently?,Patient
I’ve been experimenting with new recipes.,How about trying a simple vegetable stir-fry? It’s quick and healthy.,Cooking,Do you have a favorite vegetable to cook?,Empathetic
I’d like to learn more about seasoning food.,Cooking healthy meals is easy with fresh ingredients like lean meats and veggies.,Cooking,Do you enjoy cooking with seasonal produce?,Empathetic
What’s a simple recipe I can try?,Experimenting is great! Maybe you could try making a unique pasta sauce.,Cooking,What’s the most adventurous recipe you’ve tried so far?,Patient
"I enjoy cooking, but it takes a lot of time.","For seasoning, start simple with salt, pepper, and garlic. Experiment from there.",Cooking,What’s your favorite spice to use in meals?,Empathetic
How can I improve my cooking skills?,"For baking, make sure your measurements are precise for the best results.",Cooking,Have you tried baking cakes or cookies recently?,Patient
What’s a simple recipe I can try?,"For seasoning, start simple with salt, pepper, and garlic. Experiment from there.",Cooking,What’s your favorite spice to use in meals?,Friendly
I want to try making bread at home.,Cooking healthy meals is easy with fresh ingredients like lean meats and veggies.,Cooking,Do you enjoy cooking with seasonal produce?,Patient
I’ve been experimenting with new recipes.,Bread making is fun! You could try a simple no-knead bread recipe to start.,Cooking,Have you baked bread before?,Patient
I’d like to learn more about seasoning food.,"For seasoning, start simple with salt, pepper, and garlic. Experiment from there.",Cooking,What’s your favorite spice to use in meals?,Encouraging
What’s the best way to cook healthy meals?,"For seasoning, start simple with salt, pepper, and garlic. Experiment from there.",Cooking,What’s your favorite spice to use in meals?,Reassuring
How can I improve my cooking skills?,Batch cooking could save time. Preparing meals ahead can make it easier.,Cooking,Would you like some tips on how to batch cook efficiently?,Friendly
Do you have tips for baking?,Experimenting is great! Maybe you could try making a unique pasta sauce.,Cooking,What’s the most adventurous recipe you’ve tried so far?,Empathetic
"I enjoy cooking, but it takes a lot of time.",Improving skills takes practice! You could start by mastering basic knife skills.,Cooking,Would you like ideas for quick tips to sharpen your skills?,Encouraging
Do you have tips for baking?,Cooking for your family must be so rewarding. They must love your meals.,Cooking,What’s their favorite dish that you make?,Encouraging
I love cooking for my family.,Batch cooking could save time. Preparing meals ahead can make it easier.,Cooking,Would you like some tips on how to batch cook efficiently?,Friendly
What’s the best way to cook healthy meals?,Bread making is fun! You could try a simple no-knead bread recipe to start.,Cooking,Have you baked bread before?,Reassuring
Do you have tips for baking?,Bread making is fun! You could try a simple no-knead bread recipe to start.,Cooking,Have you baked bread before?,Friendly
I want to try making bread at home.,"For baking, make sure your measurements are precise for the best results.",Cooking,Have you tried baking cakes or cookies recently?,Patient
"I enjoy cooking, but it takes a lot of time.",Cooking healthy meals is easy with fresh ingredients like lean meats and veggies.,Cooking,Do you enjoy cooking with seasonal produce?,Friendly
What’s a good dessert to make?,Cooking for your family must be so rewarding. They must love your meals.,Cooking,What’s their favorite dish that you make?,Friendly
What’s a simple recipe I can try?,Experimenting is great! Maybe you could try making a unique pasta sauce.,Cooking,What’s the most adventurous recipe you’ve tried so far?,Encouraging
What’s a simple recipe I can try?,Cooking healthy meals is easy with fresh ingredients like lean meats and veggies.,Cooking,Do you enjoy cooking with seasonal produce?,Encouraging
I want to try making bread at home.,Cooking healthy meals is easy with fresh ingredients like lean meats and veggies.,Cooking,Do you enjoy cooking with seasonal produce?,Encouraging
I’ve been experimenting with new recipes.,Bread making is fun! You could try a simple no-knead bread recipe to start.,Cooking,Have you baked bread before?,Encouraging
What’s a simple recipe I can try?,How about trying a simple vegetable stir-fry? It’s quick and healthy.,Cooking,Do you have a favorite vegetable to cook?,Empathetic
What’s a simple recipe I can try?,Cooking for your family must be so rewarding. They must love your meals.,Cooking,What’s their favorite dish that you make?,Reassuring
How can I improve my cooking skills?,Bread making is fun! You could try a simple no-knead bread recipe to start.,Cooking,Have you baked bread before?,Patient
Do you have tips for baking?,"For baking, make sure your measurements are precise for the best results.",Cooking,Have you tried baking cakes or cookies recently?,Empathetic
I’ve been experimenting with new recipes.,"For baking, make sure your measurements are precise for the best results.",Cooking,Have you tried baking cakes or cookies recently?,Empathetic
I want to try making bread at home.,"For baking, make sure your measurements are precise for the best results.",Cooking,Have you tried baking cakes or cookies recently?,Encouraging
"I enjoy cooking, but it takes a lot of time.",Bread making is fun! You could try a simple no-knead bread recipe to start.,Cooking,Have you baked bread before?,Reassuring
What’s a simple recipe I can try?,You could try a fruit salad or a classic vanilla pudding for dessert.,Cooking,What kind of desserts do you and your family enjoy most?,Patient
I want to try making bread at home.,How about trying a simple vegetable stir-fry? It’s quick and healthy.,Cooking,Do you have a favorite vegetable to cook?,Friendly
How can I improve my cooking skills?,Cooking for your family must be so rewarding. They must love your meals.,Cooking,What’s their favorite dish that you make?,Empathetic
I want to try making bread at home.,Batch cooking could save time. Preparing meals ahead can make it easier.,Cooking,Would you like some tips on how to batch cook efficiently?,Reassuring
What’s a good dessert to make?,Cooking healthy meals is easy with fresh ingredients like lean meats and veggies.,Cooking,Do you enjoy cooking with seasonal produce?,Empathetic
I’d like to learn more about seasoning food.,Experimenting is great! Maybe you could try making a unique pasta sauce.,Cooking,What’s the most adventurous recipe you’ve tried so far?,Encouraging
I’ve been experimenting with new recipes.,Improving skills takes practice! You could start by mastering basic knife skills.,Cooking,Would you like ideas for quick tips to sharpen your skills?,Reassuring
What’s the best way to cook healthy meals?,You could try a fruit salad or a classic vanilla pudding for dessert.,Cooking,What kind of desserts do you and your family enjoy most?,Empathetic
What’s a good dessert to make?,"For seasoning, start simple with salt, pepper, and garlic. Experiment from there.",Cooking,What’s your favorite spice to use in meals?,Empathetic
I love cooking for my family.,"For seasoning, start simple with salt, pepper, and garlic. Experiment from there.",Cooking,What’s your favorite spice to use in meals?,Friendly
I’ve been experimenting with new recipes.,"For baking, make sure your measurements are precise for the best results.",Cooking,Have you tried baking cakes or cookies recently?,Friendly
What’s the best way to cook healthy meals?,Batch cooking could save time. Preparing meals ahead can make it easier.,Cooking,Would you like some tips on how to batch cook efficiently?,Patient
How can I improve my cooking skills?,Cooking for your family must be so rewarding. They must love your meals.,Cooking,What’s their favorite dish that you make?,Friendly
What’s the best way to cook healthy meals?,Cooking healthy meals is easy with fresh ingredients like lean meats and veggies.,Cooking,Do you enjoy cooking with seasonal produce?,Reassuring
I want to try making bread at home.,Cooking for your family must be so rewarding. They must love your meals.,Cooking,What’s their favorite dish that you make?,Empathetic
I’d like to learn more about seasoning food.,Bread making is fun! You could try a simple no-knead bread recipe to start.,Cooking,Have you baked bread before?,Empathetic
I love cooking for my family.,Cooking healthy meals is easy with fresh ingredients like lean meats and veggies.,Cooking,Do you enjoy cooking with seasonal produce?,Reassuring
What’s the best way to cook healthy meals?,"For seasoning, start simple with salt, pepper, and garlic. Experiment from there.",Cooking,What’s your favorite spice to use in meals?,Friendly
I’ve been experimenting with new recipes.,Cooking for your family must be so rewarding. They must love your meals.,Cooking,What’s their favorite dish that you make?,Patient
What’s a simple recipe I can try?,You could try a fruit salad or a classic vanilla pudding for dessert.,Cooking,What kind of desserts do you and your family enjoy most?,Encouraging
I love cooking for my family.,Cooking for your family must be so rewarding. They must love your meals.,Cooking,What’s their favorite dish that you make?,Patient
Do you have tips for baking?,Cooking healthy meals is easy with fresh ingredients like lean meats and veggies.,Cooking,Do you enjoy cooking with seasonal produce?,Empathetic
"I enjoy cooking, but it takes a lot of time.",Cooking for your family must be so rewarding. They must love your meals.,Cooking,What’s their favorite dish that you make?,Patient
"I enjoy cooking, but it takes a lot of time.",Batch cooking could save time. Preparing meals ahead can make it easier.,Cooking,Would you like some tips on how to batch cook efficiently?,Friendly
What’s the best way to cook healthy meals?,Bread making is fun! You could try a simple no-knead bread recipe to start.,Cooking,Have you baked bread before?,Friendly
I want to try making bread at home.,Improving skills takes practice! You could start by mastering basic knife skills.,Cooking,Would you like ideas for quick tips to sharpen your skills?,Empathetic
I love cooking for my family.,Improving skills takes practice! You could start by mastering basic knife skills.,Cooking,Would you like ideas for quick tips to sharpen your skills?,Reassuring
"I enjoy cooking, but it takes a lot of time.",Experimenting is great! Maybe you could try making a unique pasta sauce.,Cooking,What’s the most adventurous recipe you’ve tried so far?,Reassuring
What’s the best way to cook healthy meals?,Batch cooking could save time. Preparing meals ahead can make it easier.,Cooking,Would you like some tips on how to batch cook efficiently?,Encouraging
I’ve been experimenting with new recipes.,Experimenting is great! Maybe you could try making a unique pasta sauce.,Cooking,What’s the most adventurous recipe you’ve tried so far?,Patient
I love cooking for my family.,Batch cooking could save time. Preparing meals ahead can make it easier.,Cooking,Would you like some tips on how to batch cook efficiently?,Encouraging
How can I improve my cooking skills?,Improving skills takes practice! You could start by mastering basic knife skills.,Cooking,Would you like ideas for quick tips to sharpen your skills?,Friendly
Do you have tips for baking?,Bread making is fun! You could try a simple no-knead bread recipe to start.,Cooking,Have you baked bread before?,Encouraging
I love cooking for my family.,Bread making is fun! You could try a simple no-knead bread recipe to start.,Cooking,Have you baked bread before?,Patient
What’s a good dessert to make?,You could try a fruit salad or a classic vanilla pudding for dessert.,Cooking,What kind of desserts do you and your family enjoy most?,Empathetic
"I enjoy cooking, but it takes a lot of time.",Cooking healthy meals is easy with fresh ingredients like lean meats and veggies.,Cooking,Do you enjoy cooking with seasonal produce?,Encouraging
I love cooking for my family.,Experimenting is great! Maybe you could try making a unique pasta sauce.,Cooking,What’s the most adventurous recipe you’ve tried so far?,Empathetic
I’ve been experimenting with new recipes.,Cooking for your family must be so rewarding. They must love your meals.,Cooking,What’s their favorite dish that you make?,Encouraging
What’s a good dessert to make?,Cooking for your family must be so rewarding. They must love your meals.,Cooking,What’s their favorite dish that you make?,Encouraging
I love cooking for my family.,Cooking for your family must be so rewarding. They must love your meals.,Cooking,What’s their favorite dish that you make?,Encouraging
I want to try making bread at home.,Experimenting is great! Maybe you could try making a unique pasta sauce.,Cooking,What’s the most adventurous recipe you’ve tried so far?,Reassuring
What’s a good dessert to make?,Bread making is fun! You could try a simple no-knead bread recipe to start.,Cooking,Have you baked bread before?,Friendly
How can I improve my cooking skills?,You could try a fruit salad or a classic vanilla pudding for dessert.,Cooking,What kind of desserts do you and your family enjoy most?,Reassuring
What’s a simple recipe I can try?,Batch cooking could save time. Preparing meals ahead can make it easier.,Cooking,Would you like some tips on how to batch cook efficiently?,Friendly
I want to try making bread at home.,Batch cooking could save time. Preparing meals ahead can make it easier.,Cooking,Would you like some tips on how to batch cook efficiently?,Friendly
I love cooking for my family.,You could try a fruit salad or a classic vanilla pudding for dessert.,Cooking,What kind of desserts do you and your family enjoy most?,Reassuring
I’ve been experimenting with new recipes.,Experimenting is great! Maybe you could try making a unique pasta sauce.,Cooking,What’s the most adventurous recipe you’ve tried so far?,Encouraging
I’d like to learn more about seasoning food.,How about trying a simple vegetable stir-fry? It’s quick and healthy.,Cooking,Do you have a favorite vegetable to cook?,Friendly
I’d like to learn more about seasoning food.,You could try a fruit salad or a classic vanilla pudding for dessert.,Cooking,What kind of desserts do you and your family enjoy most?,Patient
I’ve been experimenting with new recipes.,Improving skills takes practice! You could start by mastering basic knife skills.,Cooking,Would you like ideas for quick tips to sharpen your skills?,Friendly
What’s the best way to cook healthy meals?,Experimenting is great! Maybe you could try making a unique pasta sauce.,Cooking,What’s the most adventurous recipe you’ve tried so far?,Reassuring
I love cooking for my family.,"For seasoning, start simple with salt, pepper, and garlic. Experiment from there.",Cooking,What’s your favorite spice to use in meals?,Encouraging
I love cooking for my family.,Cooking healthy meals is easy with fresh ingredients like lean meats and veggies.,Cooking,Do you enjoy cooking with seasonal produce?,Friendly
I’d like to learn more about seasoning food.,Cooking for your family must be so rewarding. They must love your meals.,Cooking,What’s their favorite dish that you make?,Reassuring
"I enjoy cooking, but it takes a lot of time.","For baking, make sure your measurements are precise for the best results.",Cooking,Have you tried baking cakes or cookies recently?,Empathetic
I’ve been experimenting with new recipes.,Batch cooking could save time. Preparing meals ahead can make it easier.,Cooking,Would you like some tips on how to batch cook efficiently?,Friendly
"I enjoy cooking, but it takes a lot of time.",Experimenting is great! Maybe you could try making a unique pasta sauce.,Cooking,What’s the most adventurous recipe you’ve tried so far?,Friendly
I love cooking for my family.,Improving skills takes practice! You could start by mastering basic knife skills.,Cooking,Would you like ideas for quick tips to sharpen your skills?,Friendly
Do you have tips for baking?,Cooking for your family must be so rewarding. They must love your meals.,Cooking,What’s their favorite dish that you make?,Reassuring
Do you have tips for baking?,Batch cooking could save time. Preparing meals ahead can make it easier.,Cooking,Would you like some tips on how to batch cook efficiently?,Reassuring
Do you have tips for baking?,You could try a fruit salad or a classic vanilla pudding for dessert.,Cooking,What kind of desserts do you and your family enjoy most?,Patient
What’s a simple recipe I can try?,Cooking for your family must be so rewarding. They must love your meals.,Cooking,What’s their favorite dish that you make?,Patient
"I enjoy cooking, but it takes a lot of time.",Bread making is fun! You could try a simple no-knead bread recipe to start.,Cooking,Have you baked bread before?,Patient
What’s a simple recipe I can try?,Experimenting is great! Maybe you could try making a unique pasta sauce.,Cooking,What’s the most adventurous recipe you’ve tried so far?,Reassuring
I’ve been experimenting with new recipes.,Cooking healthy meals is easy with fresh ingredients like lean meats and veggies.,Cooking,Do you enjoy cooking with seasonal produce?,Empathetic
I’d like to learn more about seasoning food.,Improving skills takes practice! You could start by mastering basic knife skills.,Cooking,Would you like ideas for quick tips to sharpen your skills?,Reassuring
I want to try making bread at home.,Experimenting is great! Maybe you could try making a unique pasta sauce.,Cooking,What’s the most adventurous recipe you’ve tried so far?,Friendly
How can I improve my cooking skills?,"For baking, make sure your measurements are precise for the best results.",Cooking,Have you tried baking cakes or cookies recently?,Reassuring
I love cooking for my family.,How about trying a simple vegetable stir-fry? It’s quick and healthy.,Cooking,Do you have a favorite vegetable to cook?,Empathetic
How can I improve my cooking skills?,Experimenting is great! Maybe you could try making a unique pasta sauce.,Cooking,What’s the most adventurous recipe you’ve tried so far?,Empathetic
I’ve been experimenting with new recipes.,Bread making is fun! You could try a simple no-knead bread recipe to start.,Cooking,Have you baked bread before?,Reassuring
What’s the best way to cook healthy meals?,Improving skills takes practice! You could start by mastering basic knife skills.,Cooking,Would you like ideas for quick tips to sharpen your skills?,Empathetic
How can I improve my cooking skills?,You could try a fruit salad or a classic vanilla pudding for dessert.,Cooking,What kind of desserts do you and your family enjoy most?,Friendly
What’s a good dessert to make?,"For baking, make sure your measurements are precise for the best results.",Cooking,Have you tried baking cakes or cookies recently?,Reassuring
I want to try making bread at home.,You could try a fruit salad or a classic vanilla pudding for dessert.,Cooking,What kind of desserts do you and your family enjoy most?,Empathetic
What’s the best way to cook healthy meals?,How about trying a simple vegetable stir-fry? It’s quick and healthy.,Cooking,Do you have a favorite vegetable to cook?,Friendly
What’s a good dessert to make?,Experimenting is great! Maybe you could try making a unique pasta sauce.,Cooking,What’s the most adventurous recipe you’ve tried so far?,Empathetic
What’s the best way to cook healthy meals?,Cooking healthy meals is easy with fresh ingredients like lean meats and veggies.,Cooking,Do you enjoy cooking with seasonal produce?,Patient
What’s a simple recipe I can try?,Cooking for your family must be so rewarding. They must love your meals.,Cooking,What’s their favorite dish that you make?,Encouraging
I’ve been experimenting with new recipes.,"For seasoning, start simple with salt, pepper, and garlic. Experiment from there.",Cooking,What’s your favorite spice to use in meals?,Empathetic
"I enjoy cooking, but it takes a lot of time.",Bread making is fun! You could try a simple no-knead bread recipe to start.,Cooking,Have you baked bread before?,Encouraging
What’s a simple recipe I can try?,Improving skills takes practice! You could start by mastering basic knife skills.,Cooking,Would you like ideas for quick tips to sharpen your skills?,Patient
Do you have tips for baking?,Improving skills takes practice! You could start by mastering basic knife skills.,Cooking,Would you like ideas for quick tips to sharpen your skills?,Patient
I’d like to learn more about seasoning food.,"For seasoning, start simple with salt, pepper, and garlic. Experiment from there.",Cooking,What’s your favorite spice to use in meals?,Empathetic
I’d like to learn more about seasoning food.,Cooking for your family must be so rewarding. They must love your meals.,Cooking,What’s their favorite dish that you make?,Friendly
How can I improve my cooking skills?,Cooking healthy meals is easy with fresh ingredients like lean meats and veggies.,Cooking,Do you enjoy cooking with seasonal produce?,Empathetic
"I enjoy cooking, but it takes a lot of time.",Improving skills takes practice! You could start by mastering basic knife skills.,Cooking,Would you like ideas for quick tips to sharpen your skills?,Empathetic
What’s the best way to cook healthy meals?,Cooking healthy meals is easy with fresh ingredients like lean meats and veggies.,Cooking,Do you enjoy cooking with seasonal produce?,Encouraging
How can I improve my cooking skills?,Bread making is fun! You could try a simple no-knead bread recipe to start.,Cooking,Have you baked bread before?,Reassuring
What’s a good dessert to make?,How about trying a simple vegetable stir-fry? It’s quick and healthy.,Cooking,Do you have a favorite vegetable to cook?,Patient
I want to try making bread at home.,"For seasoning, start simple with salt, pepper, and garlic. Experiment from there.",Cooking,What’s your favorite spice to use in meals?,Empathetic
I’d like to learn more about seasoning food.,"For seasoning, start simple with salt, pepper, and garlic. Experiment from there.",Cooking,What’s your favorite spice to use in meals?,Friendly
I love cooking for my family.,Cooking healthy meals is easy with fresh ingredients like lean meats and veggies.,Cooking,Do you enjoy cooking with seasonal produce?,Encouraging
Do you have tips for baking?,Cooking for your family must be so rewarding. They must love your meals.,Cooking,What’s their favorite dish that you make?,Friendly
What’s a simple recipe I can try?,Cooking healthy meals is easy with fresh ingredients like lean meats and veggies.,Cooking,Do you enjoy cooking with seasonal produce?,Empathetic
What’s a simple recipe I can try?,"For baking, make sure your measurements are precise for the best results.",Cooking,Have you tried baking cakes or cookies recently?,Empathetic
Do you have tips for baking?,Improving skills takes practice! You could start by mastering basic knife skills.,Cooking,Would you like ideas for quick tips to sharpen your skills?,Encouraging
What’s the best way to cook healthy meals?,"For baking, make sure your measurements are precise for the best results.",Cooking,Have you tried baking cakes or cookies recently?,Patient
Do you have tips for baking?,Batch cooking could save time. Preparing meals ahead can make it easier.,Cooking,Would you like some tips on how to batch cook efficiently?,Friendly
"I enjoy cooking, but it takes a lot of time.",Experimenting is great! Maybe you could try making a unique pasta sauce.,Cooking,What’s the most adventurous recipe you’ve tried so far?,Encouraging
What’s the best way to cook healthy meals?,Cooking for your family must be so rewarding. They must love your meals.,Cooking,What’s their favorite dish that you make?,Patient
What’s a simple recipe I can try?,Experimenting is great! Maybe you could try making a unique pasta sauce.,Cooking,What’s the most adventurous recipe you’ve tried so far?,Friendly
What’s a simple recipe I can try?,Cooking healthy meals is easy with fresh ingredients like lean meats and veggies.,Cooking,Do you enjoy cooking with seasonal produce?,Friendly
How can I improve my cooking skills?,"For baking, make sure your measurements are precise for the best results.",Cooking,Have you tried baking cakes or cookies recently?,Friendly
I want to try making bread at home.,Cooking healthy meals is easy with fresh ingredients like lean meats and veggies.,Cooking,Do you enjoy cooking with seasonal produce?,Friendly
Do you have tips for baking?,How about trying a simple vegetable stir-fry? It’s quick and healthy.,Cooking,Do you have a favorite vegetable to cook?,Patient
I’ve been experimenting with new recipes.,Bread making is fun! You could try a simple no-knead bread recipe to start.,Cooking,Have you baked bread before?,Friendly
I want to try making bread at home.,"For baking, make sure your measurements are precise for the best results.",Cooking,Have you tried baking cakes or cookies recently?,Empathetic
I love cooking for my family.,"For baking, make sure your measurements are precise for the best results.",Cooking,Have you tried baking cakes or cookies recently?,Reassuring
I’d like to learn more about seasoning food.,"For baking, make sure your measurements are precise for the best results.",Cooking,Have you tried baking cakes or cookies recently?,Reassuring
I’d like to learn more about seasoning food.,Experimenting is great! Maybe you could try making a unique pasta sauce.,Cooking,What’s the most adventurous recipe you’ve tried so far?,Empathetic
What’s the best way to cook healthy meals?,Experimenting is great! Maybe you could try making a unique pasta sauce.,Cooking,What’s the most adventurous recipe you’ve tried so far?,Patient
"I enjoy cooking, but it takes a lot of time.",Cooking for your family must be so rewarding. They must love your meals.,Cooking,What’s their favorite dish that you make?,Reassuring
I want to try making bread at home.,Experimenting is great! Maybe you could try making a unique pasta sauce.,Cooking,What’s the most adventurous recipe you’ve tried so far?,Encouraging
I want to try making bread at home.,"For baking, make sure your measurements are precise for the best results.",Cooking,Have you tried baking cakes or cookies recently?,Friendly
How can I improve my cooking skills?,You could try a fruit salad or a classic vanilla pudding for dessert.,Cooking,What kind of desserts do you and your family enjoy most?,Encouraging
"I enjoy cooking, but it takes a lot of time.",You could try a fruit salad or a classic vanilla pudding for dessert.,Cooking,What kind of desserts do you and your family enjoy most?,Patient
What’s the best way to cook healthy meals?,Cooking for your family must be so rewarding. They must love your meals.,Cooking,What’s their favorite dish that you make?,Encouraging
I love cooking for my family.,You could try a fruit salad or a classic vanilla pudding for dessert.,Cooking,What kind of desserts do you and your family enjoy most?,Encouraging
I want to try making bread at home.,Bread making is fun! You could try a simple no-knead bread recipe to start.,Cooking,Have you baked bread before?,Empathetic
Do you have tips for baking?,How about trying a simple vegetable stir-fry? It’s quick and healthy.,Cooking,Do you have a favorite vegetable to cook?,Encouraging
I love cooking for my family.,Bread making is fun! You could try a simple no-knead bread recipe to start.,Cooking,Have you baked bread before?,Reassuring
I’d like to learn more about seasoning food.,Batch cooking could save time. Preparing meals ahead can make it easier.,Cooking,Would you like some tips on how to batch cook efficiently?,Patient
What’s a simple recipe I can try?,"For seasoning, start simple with salt, pepper, and garlic. Experiment from there.",Cooking,What’s your favorite spice to use in meals?,Empathetic
What’s the best way to cook healthy meals?,Experimenting is great! Maybe you could try making a unique pasta sauce.,Cooking,What’s the most adventurous recipe you’ve tried so far?,Encouraging
I’d like to learn more about seasoning food.,Cooking healthy meals is easy with fresh ingredients like lean meats and veggies.,Cooking,Do you enjoy cooking with seasonal produce?,Reassuring
How can I improve my cooking skills?,Bread making is fun! You could try a simple no-knead bread recipe to start.,Cooking,Have you baked bread before?,Friendly
How can I improve my cooking skills?,Batch cooking could save time. Preparing meals ahead can make it easier.,Cooking,Would you like some tips on how to batch cook efficiently?,Empathetic
What’s a simple recipe I can try?,You could try a fruit salad or a classic vanilla pudding for dessert.,Cooking,What kind of desserts do you and your family enjoy most?,Friendly
I’d like to learn more about seasoning food.,Cooking for your family must be so rewarding. They must love your meals.,Cooking,What’s their favorite dish that you make?,Encouraging
I’d like to learn more about seasoning food.,Improving skills takes practice! You could start by mastering basic knife skills.,Cooking,Would you like ideas for quick tips to sharpen your skills?,Patient
I love cooking for my family.,Batch cooking could save time. Preparing meals ahead can make it easier.,Cooking,Would you like some tips on how to batch cook efficiently?,Empathetic
Do you have tips for baking?,Bread making is fun! You could try a simple no-knead bread recipe to start.,Cooking,Have you baked bread before?,Empathetic
I’d like to learn more about seasoning food.,You could try a fruit salad or a classic vanilla pudding for dessert.,Cooking,What kind of desserts do you and your family enjoy most?,Reassuring
"I enjoy cooking, but it takes a lot of time.",Cooking healthy meals is easy with fresh ingredients like lean meats and veggies.,Cooking,Do you enjoy cooking with seasonal produce?,Empathetic
What’s a good dessert to make?,Cooking for your family must be so rewarding. They must love your meals.,Cooking,What’s their favorite dish that you make?,Empathetic
What’s the best way to cook healthy meals?,Batch cooking could save time. Preparing meals ahead can make it easier.,Cooking,Would you like some tips on how to batch cook efficiently?,Friendly
What’s a good dessert to make?,"For baking, make sure your measurements are precise for the best results.",Cooking,Have you tried baking cakes or cookies recently?,Patient
I’ve been experimenting with new recipes.,You could try a fruit salad or a classic vanilla pudding for dessert.,Cooking,What kind of desserts do you and your family enjoy most?,Patient
I’d like to learn more about seasoning food.,Batch cooking could save time. Preparing meals ahead can make it easier.,Cooking,Would you like some tips on how to batch cook efficiently?,Encouraging
Do you have tips for baking?,Batch cooking could save time. Preparing meals ahead can make it easier.,Cooking,Would you like some tips on how to batch cook efficiently?,Encouraging
I’ve been experimenting with new recipes.,Cooking for your family must be so rewarding. They must love your meals.,Cooking,What’s their favorite dish that you make?,Friendly
I love cooking for my family.,Cooking for your family must be so rewarding. They must love your meals.,Cooking,What’s their favorite dish that you make?,Friendly
I’ve been experimenting with new recipes.,Experimenting is great! Maybe you could try making a unique pasta sauce.,Cooking,What’s the most adventurous recipe you’ve tried so far?,Empathetic
I’d like to learn more about seasoning food.,Improving skills takes practice! You could start by mastering basic knife skills.,Cooking,Would you like ideas for quick tips to sharpen your skills?,Encouraging
"I enjoy cooking, but it takes a lot of time.",Cooking for your family must be so rewarding. They must love your meals.,Cooking,What’s their favorite dish that you make?,Friendly
How can I improve my cooking skills?,"For baking, make sure your measurements are precise for the best results.",Cooking,Have you tried baking cakes or cookies recently?,Encouraging
I want to try making bread at home.,How about trying a simple vegetable stir-fry? It’s quick and healthy.,Cooking,Do you have a favorite vegetable to cook?,Empathetic
What’s a good dessert to make?,"For baking, make sure your measurements are precise for the best results.",Cooking,Have you tried baking cakes or cookies recently?,Encouraging
Do you have tips for baking?,"For baking, make sure your measurements are precise for the best results.",Cooking,Have you tried baking cakes or cookies recently?,Reassuring
I’ve been experimenting with new recipes.,You could try a fruit salad or a classic vanilla pudding for dessert.,Cooking,What kind of desserts do you and your family enjoy most?,Encouraging
I’ve been experimenting with new recipes.,Experimenting is great! Maybe you could try making a unique pasta sauce.,Cooking,What’s the most adventurous recipe you’ve tried so far?,Friendly
Do you have tips for baking?,You could try a fruit salad or a classic vanilla pudding for dessert.,Cooking,What kind of desserts do you and your family enjoy most?,Reassuring
I love cooking for my family.,"For seasoning, start simple with salt, pepper, and garlic. Experiment from there.",Cooking,What’s your favorite spice to use in meals?,Empathetic
What’s a good dessert to make?,Batch cooking could save time. Preparing meals ahead can make it easier.,Cooking,Would you like some tips on how to batch cook efficiently?,Patient
I love cooking for my family.,Bread making is fun! You could try a simple no-knead bread recipe to start.,Cooking,Have you baked bread before?,Friendly
"I enjoy cooking, but it takes a lot of time.",How about trying a simple vegetable stir-fry? It’s quick and healthy.,Cooking,Do you have a favorite vegetable to cook?,Patient
What’s a good dessert to make?,"For seasoning, start simple with salt, pepper, and garlic. Experiment from there.",Cooking,What’s your favorite spice to use in meals?,Reassuring
What’s the best way to cook healthy meals?,"For seasoning, start simple with salt, pepper, and garlic. Experiment from there.",Cooking,What’s your favorite spice to use in meals?,Empathetic
I want to try making bread at home.,Cooking for your family must be so rewarding. They must love your meals.,Cooking,What’s their favorite dish that you make?,Reassuring
I’d like to learn more about seasoning food.,Bread making is fun! You could try a simple no-knead bread recipe to start.,Cooking,Have you baked bread before?,Reassuring
"I enjoy cooking, but it takes a lot of time.",Batch cooking could save time. Preparing meals ahead can make it easier.,Cooking,Would you like some tips on how to batch cook efficiently?,Empathetic
What’s the best way to cook healthy meals?,Bread making is fun! You could try a simple no-knead bread recipe to start.,Cooking,Have you baked bread before?,Empathetic
I’d like to learn more about seasoning food.,You could try a fruit salad or a classic vanilla pudding for dessert.,Cooking,What kind of desserts do you and your family enjoy most?,Friendly
How can I improve my cooking skills?,Bread making is fun! You could try a simple no-knead bread recipe to start.,Cooking,Have you baked bread before?,Encouraging
Do you have tips for baking?,Cooking healthy meals is easy with fresh ingredients like lean meats and veggies.,Cooking,Do you enjoy cooking with seasonal produce?,Reassuring
I love cooking for my family.,"For baking, make sure your measurements are precise for the best results.",Cooking,Have you tried baking cakes or cookies recently?,Patient
What’s a good dessert to make?,Improving skills takes practice! You could start by mastering basic knife skills.,Cooking,Would you like ideas for quick tips to sharpen your skills?,Patient
What’s a simple recipe I can try?,Improving skills takes practice! You could start by mastering basic knife skills.,Cooking,Would you like ideas for quick tips to sharpen your skills?,Reassuring
I’d like to learn more about seasoning food.,"For baking, make sure your measurements are precise for the best results.",Cooking,Have you tried baking cakes or cookies recently?,Patient
Do you have tips for baking?,Improving skills takes practice! You could start by mastering basic knife skills.,Cooking,Would you like ideas for quick tips to sharpen your skills?,Reassuring
I want to try making bread at home.,Improving skills takes practice! You could start by mastering basic knife skills.,Cooking,Would you like ideas for quick tips to sharpen your skills?,Reassuring
How can I improve my cooking skills?,How about trying a simple vegetable stir-fry? It’s quick and healthy.,Cooking,Do you have a favorite vegetable to cook?,Patient
How can I improve my cooking skills?,Improving skills takes practice! You could start by mastering basic knife skills.,Cooking,Would you like ideas for quick tips to sharpen your skills?,Empathetic
What’s a simple recipe I can try?,Bread making is fun! You could try a simple no-knead bread recipe to start.,Cooking,Have you baked bread before?,Patient
What’s a good dessert to make?,Bread making is fun! You could try a simple no-knead bread recipe to start.,Cooking,Have you baked bread before?,Empathetic
What’s a good dessert to make?,How about trying a simple vegetable stir-fry? It’s quick and healthy.,Cooking,Do you have a favorite vegetable to cook?,Reassuring
I love cooking for my family.,Experimenting is great! Maybe you could try making a unique pasta sauce.,Cooking,What’s the most adventurous recipe you’ve tried so far?,Reassuring
What’s a simple recipe I can try?,Batch cooking could save time. Preparing meals ahead can make it easier.,Cooking,Would you like some tips on how to batch cook efficiently?,Empathetic
I love cooking for my family.,"For baking, make sure your measurements are precise for the best results.",Cooking,Have you tried baking cakes or cookies recently?,Encouraging
I want to try making bread at home.,Batch cooking could save time. Preparing meals ahead can make it easier.,Cooking,Would you like some tips on how to batch cook efficiently?,Empathetic
I’d like to learn more about seasoning food.,"For baking, make sure your measurements are precise for the best results.",Cooking,Have you tried baking cakes or cookies recently?,Encouraging
What’s the best way to cook healthy meals?,"For baking, make sure your measurements are precise for the best results.",Cooking,Have you tried baking cakes or cookies recently?,Reassuring
I’ve been experimenting with new recipes.,How about trying a simple vegetable stir-fry? It’s quick and healthy.,Cooking,Do you have a favorite vegetable to cook?,Patient
How can I improve my cooking skills?,How about trying a simple vegetable stir-fry? It’s quick and healthy.,Cooking,Do you have a favorite vegetable to cook?,Encouraging
I’d like to learn more about seasoning food.,How about trying a simple vegetable stir-fry? It’s quick and healthy.,Cooking,Do you have a favorite vegetable to cook?,Empathetic
"I enjoy cooking, but it takes a lot of time.",Cooking for your family must be so rewarding. They must love your meals.,Cooking,What’s their favorite dish that you make?,Encouraging
I’ve been experimenting with new recipes.,Improving skills takes practice! You could start by mastering basic knife skills.,Cooking,Would you like ideas for quick tips to sharpen your skills?,Empathetic
What’s a simple recipe I can try?,Cooking for your family must be so rewarding. They must love your meals.,Cooking,What’s their favorite dish that you make?,Friendly
I’d like to learn more about seasoning food.,Cooking healthy meals is easy with fresh ingredients like lean meats and veggies.,Cooking,Do you enjoy cooking with seasonal produce?,Patient
Do you have tips for baking?,You could try a fruit salad or a classic vanilla pudding for dessert.,Cooking,What kind of desserts do you and your family enjoy most?,Friendly
"I enjoy cooking, but it takes a lot of time.","For seasoning, start simple with salt, pepper, and garlic. Experiment from there.",Cooking,What’s your favorite spice to use in meals?,Patient
What’s the best way to cook healthy meals?,Cooking for your family must be so rewarding. They must love your meals.,Cooking,What’s their favorite dish that you make?,Reassuring
"I enjoy cooking, but it takes a lot of time.",Bread making is fun! You could try a simple no-knead bread recipe to start.,Cooking,Have you baked bread before?,Friendly
Do you have tips for baking?,How about trying a simple vegetable stir-fry? It’s quick and healthy.,Cooking,Do you have a favorite vegetable to cook?,Reassuring
Do you have tips for baking?,Experimenting is great! Maybe you could try making a unique pasta sauce.,Cooking,What’s the most adventurous recipe you’ve tried so far?,Patient
I love cooking for my family.,Cooking healthy meals is easy with fresh ingredients like lean meats and veggies.,Cooking,Do you enjoy cooking with seasonal produce?,Empathetic
I love cooking for my family.,Bread making is fun! You could try a simple no-knead bread recipe to start.,Cooking,Have you baked bread before?,Encouraging
I’ve been experimenting with new recipes.,Batch cooking could save time. Preparing meals ahead can make it easier.,Cooking,Would you like some tips on how to batch cook efficiently?,Empathetic
What’s the best way to cook healthy meals?,Cooking healthy meals is easy with fresh ingredients like lean meats and veggies.,Cooking,Do you enjoy cooking with seasonal produce?,Friendly
I’ve been experimenting with new recipes.,How about trying a simple vegetable stir-fry? It’s quick and healthy.,Cooking,Do you have a favorite vegetable to cook?,Encouraging
I’d like to learn more about seasoning food.,Cooking healthy meals is easy with fresh ingredients like lean meats and veggies.,Cooking,Do you enjoy cooking with seasonal produce?,Encouraging
"I enjoy cooking, but it takes a lot of time.",Experimenting is great! Maybe you could try making a unique pasta sauce.,Cooking,What’s the most adventurous recipe you’ve tried so far?,Empathetic
I love cooking for my family.,Improving skills takes practice! You could start by mastering basic knife skills.,Cooking,Would you like ideas for quick tips to sharpen your skills?,Empathetic
"I enjoy cooking, but it takes a lot of time.",You could try a fruit salad or a classic vanilla pudding for dessert.,Cooking,What kind of desserts do you and your family enjoy most?,Reassuring
What’s a simple recipe I can try?,Improving skills takes practice! You could start by mastering basic knife skills.,Cooking,Would you like ideas for quick tips to sharpen your skills?,Friendly
Do you have tips for baking?,Improving skills takes practice! You could start by mastering basic knife skills.,Cooking,Would you like ideas for quick tips to sharpen your skills?,Friendly
What’s a simple recipe I can try?,How about trying a simple vegetable stir-fry? It’s quick and healthy.,Cooking,Do you have a favorite vegetable to cook?,Patient
I’d like to learn more about seasoning food.,You could try a fruit salad or a classic vanilla pudding for dessert.,Cooking,What kind of desserts do you and your family enjoy most?,Encouraging
I’d like to learn more about seasoning food.,Batch cooking could save time. Preparing meals ahead can make it easier.,Cooking,Would you like some tips on how to batch cook efficiently?,Reassuring
I want to try making bread at home.,Experimenting is great! Maybe you could try making a unique pasta sauce.,Cooking,What’s the most adventurous recipe you’ve tried so far?,Empathetic
Do you have tips for baking?,"For baking, make sure your measurements are precise for the best results.",Cooking,Have you tried baking cakes or cookies recently?,Patient
I’ve been experimenting with new recipes.,Cooking healthy meals is easy with fresh ingredients like lean meats and veggies.,Cooking,Do you enjoy cooking with seasonal produce?,Reassuring
What’s a good dessert to make?,How about trying a simple vegetable stir-fry? It’s quick and healthy.,Cooking,Do you have a favorite vegetable to cook?,Friendly
How can I improve my cooking skills?,You could try a fruit salad or a classic vanilla pudding for dessert.,Cooking,What kind of desserts do you and your family enjoy most?,Empathetic
How can I improve my cooking skills?,Cooking for your family must be so rewarding. They must love your meals.,Cooking,What’s their favorite dish that you make?,Patient
What’s a good dessert to make?,Cooking healthy meals is easy with fresh ingredients like lean meats and veggies.,Cooking,Do you enjoy cooking with seasonal produce?,Patient
What’s the best way to cook healthy meals?,How about trying a simple vegetable stir-fry? It’s quick and healthy.,Cooking,Do you have a favorite vegetable to cook?,Empathetic
How can I improve my cooking skills?,Experimenting is great! Maybe you could try making a unique pasta sauce.,Cooking,What’s the most adventurous recipe you’ve tried so far?,Reassuring
What’s the best way to cook healthy meals?,Improving skills takes practice! You could start by mastering basic knife skills.,Cooking,Would you like ideas for quick tips to sharpen your skills?,Reassuring
What’s the best way to cook healthy meals?,You could try a fruit salad or a classic vanilla pudding for dessert.,Cooking,What kind of desserts do you and your family enjoy most?,Patient
What’s a good dessert to make?,"For seasoning, start simple with salt, pepper, and garlic. Experiment from there.",Cooking,What’s your favorite spice to use in meals?,Patient
What’s the best way to cook healthy meals?,"For baking, make sure your measurements are precise for the best results.",Cooking,Have you tried baking cakes or cookies recently?,Friendly
I love cooking for my family.,You could try a fruit salad or a classic vanilla pudding for dessert.,Cooking,What kind of desserts do you and your family enjoy most?,Empathetic
I want to try making bread at home.,You could try a fruit salad or a classic vanilla pudding for dessert.,Cooking,What kind of desserts do you and your family enjoy most?,Reassuring
What’s the best way to cook healthy meals?,Cooking for your family must be so rewarding. They must love your meals.,Cooking,What’s their favorite dish that you make?,Friendly
I want to try making bread at home.,Cooking for your family must be so rewarding. They must love your meals.,Cooking,What’s their favorite dish that you make?,Patient
I’ve been experimenting with new recipes.,You could try a fruit salad or a classic vanilla pudding for dessert.,Cooking,What kind of desserts do you and your family enjoy most?,Reassuring
I’d like to learn more about seasoning food.,Bread making is fun! You could try a simple no-knead bread recipe to start.,Cooking,Have you baked bread before?,Patient
I’ve been experimenting with new recipes.,"For seasoning, start simple with salt, pepper, and garlic. Experiment from there.",Cooking,What’s your favorite spice to use in meals?,Reassuring
I love cooking for my family.,You could try a fruit salad or a classic vanilla pudding for dessert.,Cooking,What kind of desserts do you and your family enjoy most?,Friendly
Do you have tips for baking?,"For baking, make sure your measurements are precise for the best results.",Cooking,Have you tried baking cakes or cookies recently?,Encouraging
Do you have tips for baking?,How about trying a simple vegetable stir-fry? It’s quick and healthy.,Cooking,Do you have a favorite vegetable to cook?,Friendly
Do you have tips for baking?,You could try a fruit salad or a classic vanilla pudding for dessert.,Cooking,What kind of desserts do you and your family enjoy most?,Encouraging
Do you have tips for baking?,Cooking healthy meals is easy with fresh ingredients like lean meats and veggies.,Cooking,Do you enjoy cooking with seasonal produce?,Patient
I’d like to learn more about seasoning food.,Cooking for your family must be so rewarding. They must love your meals.,Cooking,What’s their favorite dish that you make?,Empathetic
What’s a good dessert to make?,Cooking healthy meals is easy with fresh ingredients like lean meats and veggies.,Cooking,Do you enjoy cooking with seasonal produce?,Encouraging
I want to try making bread at home.,Improving skills takes practice! You could start by mastering basic knife skills.,Cooking,Would you like ideas for quick tips to sharpen your skills?,Patient
What’s the best way to cook healthy meals?,Experimenting is great! Maybe you could try making a unique pasta sauce.,Cooking,What’s the most adventurous recipe you’ve tried so far?,Friendly
What’s a good dessert to make?,"For seasoning, start simple with salt, pepper, and garlic. Experiment from there.",Cooking,What’s your favorite spice to use in meals?,Encouraging
How can I improve my cooking skills?,Cooking healthy meals is easy with fresh ingredients like lean meats and veggies.,Cooking,Do you enjoy cooking with seasonal produce?,Reassuring
Do you have tips for baking?,"For seasoning, start simple with salt, pepper, and garlic. Experiment from there.",Cooking,What’s your favorite spice to use in meals?,Reassuring
Do you have tips for baking?,Cooking for your family must be so rewarding. They must love your meals.,Cooking,What’s their favorite dish that you make?,Empathetic
I want to try making bread at home.,Cooking for your family must be so rewarding. They must love your meals.,Cooking,What’s their favorite dish that you make?,Encouraging
I’d like to learn more about seasoning food.,Bread making is fun! You could try a simple no-knead bread recipe to start.,Cooking,Have you baked bread before?,Encouraging
What’s a good dessert to make?,Batch cooking could save time. Preparing meals ahead can make it easier.,Cooking,Would you like some tips on how to batch cook efficiently?,Reassuring
What’s a good dessert to make?,You could try a fruit salad or a classic vanilla pudding for dessert.,Cooking,What kind of desserts do you and your family enjoy most?,Patient
Do you have tips for baking?,Batch cooking could save time. Preparing meals ahead can make it easier.,Cooking,Would you like some tips on how to batch cook efficiently?,Empathetic
I love cooking for my family.,Experimenting is great! Maybe you could try making a unique pasta sauce.,Cooking,What’s the most adventurous recipe you’ve tried so far?,Patient
What’s a simple recipe I can try?,"For baking, make sure your measurements are precise for the best results.",Cooking,Have you tried baking cakes or cookies recently?,Reassuring
"I enjoy cooking, but it takes a lot of time.",How about trying a simple vegetable stir-fry? It’s quick and healthy.,Cooking,Do you have a favorite vegetable to cook?,Reassuring
Do you have tips for baking?,Cooking healthy meals is easy with fresh ingredients like lean meats and veggies.,Cooking,Do you enjoy cooking with seasonal produce?,Encouraging
What’s a simple recipe I can try?,Experimenting is great! Maybe you could try making a unique pasta sauce.,Cooking,What’s the most adventurous recipe you’ve tried so far?,Empathetic
What’s a simple recipe I can try?,Improving skills takes practice! You could start by mastering basic knife skills.,Cooking,Would you like ideas for quick tips to sharpen your skills?,Encouraging
I’d like to learn more about seasoning food.,Batch cooking could save time. Preparing meals ahead can make it easier.,Cooking,Would you like some tips on how to batch cook efficiently?,Friendly
How can I improve my cooking skills?,"For baking, make sure your measurements are precise for the best results.",Cooking,Have you tried baking cakes or cookies recently?,Empathetic
I want to try making bread at home.,Improving skills takes practice! You could start by mastering basic knife skills.,Cooking,Would you like ideas for quick tips to sharpen your skills?,Encouraging
I want to try making bread at home.,Cooking healthy meals is easy with fresh ingredients like lean meats and veggies.,Cooking,Do you enjoy cooking with seasonal produce?,Empathetic
I’ve been experimenting with new recipes.,Bread making is fun! You could try a simple no-knead bread recipe to start.,Cooking,Have you baked bread before?,Empathetic
I’d like to learn more about seasoning food.,Improving skills takes practice! You could start by mastering basic knife skills.,Cooking,Would you like ideas for quick tips to sharpen your skills?,Friendly
I love cooking for my family.,Experimenting is great! Maybe you could try making a unique pasta sauce.,Cooking,What’s the most adventurous recipe you’ve tried so far?,Encouraging
What’s a good dessert to make?,How about trying a simple vegetable stir-fry? It’s quick and healthy.,Cooking,Do you have a favorite vegetable to cook?,Encouraging
What’s a good dessert to make?,Improving skills takes practice! You could start by mastering basic knife skills.,Cooking,Would you like ideas for quick tips to sharpen your skills?,Reassuring
What’s a good dessert to make?,"For baking, make sure your measurements are precise for the best results.",Cooking,Have you tried baking cakes or cookies recently?,Friendly
How can I improve my cooking skills?,How about trying a simple vegetable stir-fry? It’s quick and healthy.,Cooking,Do you have a favorite vegetable to cook?,Reassuring
I’ve been experimenting with new recipes.,You could try a fruit salad or a classic vanilla pudding for dessert.,Cooking,What kind of desserts do you and your family enjoy most?,Friendly
What’s the best way to cook healthy meals?,"For baking, make sure your measurements are precise for the best results.",Cooking,Have you tried baking cakes or cookies recently?,Encouraging
How can I improve my cooking skills?,"For seasoning, start simple with salt, pepper, and garlic. Experiment from there.",Cooking,What’s your favorite spice to use in meals?,Reassuring
"I enjoy cooking, but it takes a lot of time.","For baking, make sure your measurements are precise for the best results.",Cooking,Have you tried baking cakes or cookies recently?,Patient
What’s a simple recipe I can try?,Bread making is fun! You could try a simple no-knead bread recipe to start.,Cooking,Have you baked bread before?,Reassuring
I want to try making bread at home.,Bread making is fun! You could try a simple no-knead bread recipe to start.,Cooking,Have you baked bread before?,Reassuring
How can I improve my cooking skills?,Bread making is fun! You could try a simple no-knead bread recipe to start.,Cooking,Have you baked bread before?,Empathetic
What’s a simple recipe I can try?,You could try a fruit salad or a classic vanilla pudding for dessert.,Cooking,What kind of desserts do you and your family enjoy most?,Empathetic
What’s a simple recipe I can try?,"For seasoning, start simple with salt, pepper, and garlic. Experiment from there.",Cooking,What’s your favorite spice to use in meals?,Reassuring
I’ve been experimenting with new recipes.,How about trying a simple vegetable stir-fry? It’s quick and healthy.,Cooking,Do you have a favorite vegetable to cook?,Reassuring
What’s a good dessert to make?,Batch cooking could save time. Preparing meals ahead can make it easier.,Cooking,Would you like some tips on how to batch cook efficiently?,Friendly
I’ve been experimenting with new recipes.,Cooking healthy meals is easy with fresh ingredients like lean meats and veggies.,Cooking,Do you enjoy cooking with seasonal produce?,Patient
"I enjoy cooking, but it takes a lot of time.","For seasoning, start simple with salt, pepper, and garlic. Experiment from there.",Cooking,What’s your favorite spice to use in meals?,Reassuring
"I enjoy cooking, but it takes a lot of time.","For baking, make sure your measurements are precise for the best results.",Cooking,Have you tried baking cakes or cookies recently?,Encouraging
"I enjoy cooking, but it takes a lot of time.",How about trying a simple vegetable stir-fry? It’s quick and healthy.,Cooking,Do you have a favorite vegetable to cook?,Friendly
What’s the best way to cook healthy meals?,Batch cooking could save time. Preparing meals ahead can make it easier.,Cooking,Would you like some tips on how to batch cook efficiently?,Empathetic
"I enjoy cooking, but it takes a lot of time.",You could try a fruit salad or a classic vanilla pudding for dessert.,Cooking,What kind of desserts do you and your family enjoy most?,Encouraging
I love cooking for my family.,How about trying a simple vegetable stir-fry? It’s quick and healthy.,Cooking,Do you have a favorite vegetable to cook?,Patient
How can I improve my cooking skills?,Experimenting is great! Maybe you could try making a unique pasta sauce.,Cooking,What’s the most adventurous recipe you’ve tried so far?,Patient
What’s the best way to cook healthy meals?,Improving skills takes practice! You could start by mastering basic knife skills.,Cooking,Would you like ideas for quick tips to sharpen your skills?,Patient
Do you have tips for baking?,Experimenting is great! Maybe you could try making a unique pasta sauce.,Cooking,What’s the most adventurous recipe you’ve tried so far?,Reassuring
I want to try making bread at home.,You could try a fruit salad or a classic vanilla pudding for dessert.,Cooking,What kind of desserts do you and your family enjoy most?,Patient
What’s a good dessert to make?,Experimenting is great! Maybe you could try making a unique pasta sauce.,Cooking,What’s the most adventurous recipe you’ve tried so far?,Patient
I’ve been experimenting with new recipes.,Cooking for your family must be so rewarding. They must love your meals.,Cooking,What’s their favorite dish that you make?,Empathetic
I love cooking for my family.,Cooking for your family must be so rewarding. They must love your meals.,Cooking,What’s their favorite dish that you make?,Empathetic
"I enjoy cooking, but it takes a lot of time.",Cooking for your family must be so rewarding. They must love your meals.,Cooking,What’s their favorite dish that you make?,Empathetic
I’ve been experimenting with new recipes.,"For seasoning, start simple with salt, pepper, and garlic. Experiment from there.",Cooking,What’s your favorite spice to use in meals?,Patient
I’ve been experimenting with new recipes.,Cooking healthy meals is easy with fresh ingredients like lean meats and veggies.,Cooking,Do you enjoy cooking with seasonal produce?,Encouraging
I love cooking for my family.,"For baking, make sure your measurements are precise for the best results.",Cooking,Have you tried baking cakes or cookies recently?,Friendly
What’s a good dessert to make?,Improving skills takes practice! You could start by mastering basic knife skills.,Cooking,Would you like ideas for quick tips to sharpen your skills?,Friendly
I’d like to learn more about seasoning food.,"For baking, make sure your measurements are precise for the best results.",Cooking,Have you tried baking cakes or cookies recently?,Friendly
How can I improve my cooking skills?,Experimenting is great! Maybe you could try making a unique pasta sauce.,Cooking,What’s the most adventurous recipe you’ve tried so far?,Encouraging
What’s a simple recipe I can try?,How about trying a simple vegetable stir-fry? It’s quick and healthy.,Cooking,Do you have a favorite vegetable to cook?,Reassuring
How can I improve my cooking skills?,How about trying a simple vegetable stir-fry? It’s quick and healthy.,Cooking,Do you have a favorite vegetable to cook?,Friendly
What’s the best way to cook healthy meals?,Improving skills takes practice! You could start by mastering basic knife skills.,Cooking,Would you like ideas for quick tips to sharpen your skills?,Encouraging
I’d like to learn more about seasoning food.,"For seasoning, start simple with salt, pepper, and garlic. Experiment from there.",Cooking,What’s your favorite spice to use in meals?,Patient
I want to try making bread at home.,How about trying a simple vegetable stir-fry? It’s quick and healthy.,Cooking,Do you have a favorite vegetable to cook?,Reassuring
How can I improve my cooking skills?,Cooking healthy meals is easy with fresh ingredients like lean meats and veggies.,Cooking,Do you enjoy cooking with seasonal produce?,Patient
Do you have tips for baking?,"For seasoning, start simple with salt, pepper, and garlic. Experiment from there.",Cooking,What’s your favorite spice to use in meals?,Patient
"I enjoy cooking, but it takes a lot of time.",Improving skills takes practice! You could start by mastering basic knife skills.,Cooking,Would you like ideas for quick tips to sharpen your skills?,Patient
I want to try making bread at home.,You could try a fruit salad or a classic vanilla pudding for dessert.,Cooking,What kind of desserts do you and your family enjoy most?,Encouraging
I love cooking for my family.,Bread making is fun! You could try a simple no-knead bread recipe to start.,Cooking,Have you baked bread before?,Empathetic
I’ve been experimenting with new recipes.,"For baking, make sure your measurements are precise for the best results.",Cooking,Have you tried baking cakes or cookies recently?,Reassuring
I want to try making bread at home.,"For seasoning, start simple with salt, pepper, and garlic. Experiment from there.",Cooking,What’s your favorite spice to use in meals?,Patient
I’ve been experimenting with new recipes.,"For seasoning, start simple with salt, pepper, and garlic. Experiment from there.",Cooking,What’s your favorite spice to use in meals?,Encouraging
How can I improve my cooking skills?,Cooking for your family must be so rewarding. They must love your meals.,Cooking,What’s their favorite dish that you make?,Reassuring
What’s a good dessert to make?,Cooking healthy meals is easy with fresh ingredients like lean meats and veggies.,Cooking,Do you enjoy cooking with seasonal produce?,Reassuring
What’s a simple recipe I can try?,"For baking, make sure your measurements are precise for the best results.",Cooking,Have you tried baking cakes or cookies recently?,Patient
What’s a simple recipe I can try?,Cooking healthy meals is easy with fresh ingredients like lean meats and veggies.,Cooking,Do you enjoy cooking with seasonal produce?,Patient
What’s the best way to cook healthy meals?,You could try a fruit salad or a classic vanilla pudding for dessert.,Cooking,What kind of desserts do you and your family enjoy most?,Reassuring
I’ve been experimenting with new recipes.,How about trying a simple vegetable stir-fry? It’s quick and healthy.,Cooking,Do you have a favorite vegetable to cook?,Friendly
I’d like to learn more about seasoning food.,You could try a fruit salad or a classic vanilla pudding for dessert.,Cooking,What kind of desserts do you and your family enjoy most?,Empathetic
I’d like to learn more about seasoning food.,Cooking healthy meals is easy with fresh ingredients like lean meats and veggies.,Cooking,Do you enjoy cooking with seasonal produce?,Friendly
How can I improve my cooking skills?,Cooking healthy meals is easy with fresh ingredients like lean meats and veggies.,Cooking,Do you enjoy cooking with seasonal produce?,Encouraging
Do you have tips for baking?,"For seasoning, start simple with salt, pepper, and garlic. Experiment from there.",Cooking,What’s your favorite spice to use in meals?,Encouraging
"I enjoy cooking, but it takes a lot of time.","For seasoning, start simple with salt, pepper, and garlic. Experiment from there.",Cooking,What’s your favorite spice to use in meals?,Friendly
"I enjoy cooking, but it takes a lot of time.",Batch cooking could save time. Preparing meals ahead can make it easier.,Cooking,Would you like some tips on how to batch cook efficiently?,Reassuring
I want to try making bread at home.,"For seasoning, start simple with salt, pepper, and garlic. Experiment from there.",Cooking,What’s your favorite spice to use in meals?,Encouraging
What’s a good dessert to make?,Batch cooking could save time. Preparing meals ahead can make it easier.,Cooking,Would you like some tips on how to batch cook efficiently?,Encouraging
Do you have tips for baking?,Experimenting is great! Maybe you could try making a unique pasta sauce.,Cooking,What’s the most adventurous recipe you’ve tried so far?,Friendly
What’s a simple recipe I can try?,"For baking, make sure your measurements are precise for the best results.",Cooking,Have you tried baking cakes or cookies recently?,Encouraging
"I enjoy cooking, but it takes a lot of time.",How about trying a simple vegetable stir-fry? It’s quick and healthy.,Cooking,Do you have a favorite vegetable to cook?,Encouraging
I’d like to learn more about seasoning food.,Experimenting is great! Maybe you could try making a unique pasta sauce.,Cooking,What’s the most adventurous recipe you’ve tried so far?,Patient
How can I improve my cooking skills?,Improving skills takes practice! You could start by mastering basic knife skills.,Cooking,Would you like ideas for quick tips to sharpen your skills?,Reassuring
How can I improve my cooking skills?,"For seasoning, start simple with salt, pepper, and garlic. Experiment from there.",Cooking,What’s your favorite spice to use in meals?,Patient
What’s a good dessert to make?,Bread making is fun! You could try a simple no-knead bread recipe to start.,Cooking,Have you baked bread before?,Reassuring
I want to try making bread at home.,Bread making is fun! You could try a simple no-knead bread recipe to start.,Cooking,Have you baked bread before?,Patient
What’s a simple recipe I can try?,How about trying a simple vegetable stir-fry? It’s quick and healthy.,Cooking,Do you have a favorite vegetable to cook?,Friendly
What’s a simple recipe I can try?,Batch cooking could save time. Preparing meals ahead can make it easier.,Cooking,Would you like some tips on how to batch cook efficiently?,Reassuring
What’s a good dessert to make?,You could try a fruit salad or a classic vanilla pudding for dessert.,Cooking,What kind of desserts do you and your family enjoy most?,Reassuring
What’s a simple recipe I can try?,Cooking for your family must be so rewarding. They must love your meals.,Cooking,What’s their favorite dish that you make?,Empathetic
Do you have tips for baking?,You could try a fruit salad or a classic vanilla pudding for dessert.,Cooking,What kind of desserts do you and your family enjoy most?,Empathetic
"I enjoy cooking, but it takes a lot of time.",Bread making is fun! You could try a simple no-knead bread recipe to start.,Cooking,Have you baked bread before?,Empathetic
I’d like to learn more about seasoning food.,How about trying a simple vegetable stir-fry? It’s quick and healthy.,Cooking,Do you have a favorite vegetable to cook?,Reassuring
What’s a simple recipe I can try?,"For seasoning, start simple with salt, pepper, and garlic. Experiment from there.",Cooking,What’s your favorite spice to use in meals?,Patient
What’s a good dessert to make?,Improving skills takes practice! You could start by mastering basic knife skills.,Cooking,Would you like ideas for quick tips to sharpen your skills?,Encouraging
Do you have tips for baking?,"For baking, make sure your measurements are precise for the best results.",Cooking,Have you tried baking cakes or cookies recently?,Friendly
How can I improve my cooking skills?,Batch cooking could save time. Preparing meals ahead can make it easier.,Cooking,Would you like some tips on how to batch cook efficiently?,Patient
How can I improve my cooking skills?,"For seasoning, start simple with salt, pepper, and garlic. Experiment from there.",Cooking,What’s your favorite spice to use in meals?,Encouraging
What’s a good dessert to make?,Cooking healthy meals is easy with fresh ingredients like lean meats and veggies.,Cooking,Do you enjoy cooking with seasonal produce?,Friendly
I love cooking for my family.,Batch cooking could save time. Preparing meals ahead can make it easier.,Cooking,Would you like some tips on how to batch cook efficiently?,Patient
What’s a simple recipe I can try?,Bread making is fun! You could try a simple no-knead bread recipe to start.,Cooking,Have you baked bread before?,Encouraging
Do you have tips for baking?,Bread making is fun! You could try a simple no-knead bread recipe to start.,Cooking,Have you baked bread before?,Patient
I want to try making bread at home.,Bread making is fun! You could try a simple no-knead bread recipe to start.,Cooking,Have you baked bread before?,Encouraging
What’s a good dessert to make?,"For seasoning, start simple with salt, pepper, and garlic. Experiment from there.",Cooking,What’s your favorite spice to use in meals?,Friendly
What’s the best way to cook healthy meals?,You could try a fruit salad or a classic vanilla pudding for dessert.,Cooking,What kind of desserts do you and your family enjoy most?,Friendly
What’s the best way to cook healthy meals?,Cooking healthy meals is easy with fresh ingredients like lean meats and veggies.,Cooking,Do you enjoy cooking with seasonal produce?,Empathetic
"I enjoy cooking, but it takes a lot of time.",Cooking healthy meals is easy with fresh ingredients like lean meats and veggies.,Cooking,Do you enjoy cooking with seasonal produce?,Patient
I’ve been experimenting with new recipes.,Batch cooking could save time. Preparing meals ahead can make it easier.,Cooking,Would you like some tips on how to batch cook efficiently?,Reassuring
What’s a good dessert to make?,Cooking for your family must be so rewarding. They must love your meals.,Cooking,What’s their favorite dish that you make?,Patient
What’s a simple recipe I can try?,Improving skills takes practice! You could start by mastering basic knife skills.,Cooking,Would you like ideas for quick tips to sharpen your skills?,Empathetic
What’s a simple recipe I can try?,"For seasoning, start simple with salt, pepper, and garlic. Experiment from there.",Cooking,What’s your favorite spice to use in meals?,Encouraging
I want to try making bread at home.,Cooking for your family must be so rewarding. They must love your meals.,Cooking,What’s their favorite dish that you make?,Friendly
Do you have tips for baking?,Improving skills takes practice! You could start by mastering basic knife skills.,Cooking,Would you like ideas for quick tips to sharpen your skills?,Empathetic
I’d like to learn more about seasoning food.,Bread making is fun! You could try a simple no-knead bread recipe to start.,Cooking,Have you baked bread before?,Friendly
How can I improve my cooking skills?,Batch cooking could save time. Preparing meals ahead can make it easier.,Cooking,Would you like some tips on how to batch cook efficiently?,Encouraging
"I enjoy cooking, but it takes a lot of time.","For baking, make sure your measurements are precise for the best results.",Cooking,Have you tried baking cakes or cookies recently?,Reassuring
Do you have tips for baking?,Cooking healthy meals is easy with fresh ingredients like lean meats and veggies.,Cooking,Do you enjoy cooking with seasonal produce?,Friendly
"I enjoy cooking, but it takes a lot of time.","For seasoning, start simple with salt, pepper, and garlic. Experiment from there.",Cooking,What’s your favorite spice to use in meals?,Encouraging
I want to try making bread at home.,Improving skills takes practice! You could start by mastering basic knife skills.,Cooking,Would you like ideas for quick tips to sharpen your skills?,Friendly
I want to try making bread at home.,How about trying a simple vegetable stir-fry? It’s quick and healthy.,Cooking,Do you have a favorite vegetable to cook?,Patient
What’s a good dessert to make?,How about trying a simple vegetable stir-fry? It’s quick and healthy.,Cooking,Do you have a favorite vegetable to cook?,Empathetic
Do you have tips for baking?,Experimenting is great! Maybe you could try making a unique pasta sauce.,Cooking,What’s the most adventurous recipe you’ve tried so far?,Encouraging
I love cooking for my family.,"For seasoning, start simple with salt, pepper, and garlic. Experiment from there.",Cooking,What’s your favorite spice to use in meals?,Patient
What’s the best way to cook healthy meals?,"For baking, make sure your measurements are precise for the best results.",Cooking,Have you tried baking cakes or cookies recently?,Empathetic
I’ve been experimenting with new recipes.,"For baking, make sure your measurements are precise for the best results.",Cooking,Have you tried baking cakes or cookies recently?,Patient
What’s a good dessert to make?,You could try a fruit salad or a classic vanilla pudding for dessert.,Cooking,What kind of desserts do you and your family enjoy most?,Friendly
I love cooking for my family.,Experimenting is great! Maybe you could try making a unique pasta sauce.,Cooking,What’s the most adventurous recipe you’ve tried so far?,Friendly
What’s the best way to cook healthy meals?,How about trying a simple vegetable stir-fry? It’s quick and healthy.,Cooking,Do you have a favorite vegetable to cook?,Reassuring
What’s the best way to cook healthy meals?,Cooking for your family must be so rewarding. They must love your meals.,Cooking,What’s their favorite dish that you make?,Empathetic
I love cooking for my family.,How about trying a simple vegetable stir-fry? It’s quick and healthy.,Cooking,Do you have a favorite vegetable to cook?,Reassuring
What’s a simple recipe I can try?,How about trying a simple vegetable stir-fry? It’s quick and healthy.,Cooking,Do you have a favorite vegetable to cook?,Encouraging
What’s the best way to cook healthy meals?,"For seasoning, start simple with salt, pepper, and garlic. Experiment from there.",Cooking,What’s your favorite spice to use in meals?,Patient
Do you have tips for baking?,How about trying a simple vegetable stir-fry? It’s quick and healthy.,Cooking,Do you have a favorite vegetable to cook?,Empathetic
I want to try making bread at home.,How about trying a simple vegetable stir-fry? It’s quick and healthy.,Cooking,Do you have a favorite vegetable to cook?,Encouraging
What’s a good dessert to make?,Experimenting is great! Maybe you could try making a unique pasta sauce.,Cooking,What’s the most adventurous recipe you’ve tried so far?,Reassuring
"I enjoy cooking, but it takes a lot of time.",Batch cooking could save time. Preparing meals ahead can make it easier.,Cooking,Would you like some tips on how to batch cook efficiently?,Patient
What’s the best way to cook healthy meals?,Bread making is fun! You could try a simple no-knead bread recipe to start.,Cooking,Have you baked bread before?,Patient
What’s the best way to cook healthy meals?,Experimenting is great! Maybe you could try making a unique pasta sauce.,Cooking,What’s the most adventurous recipe you’ve tried so far?,Empathetic
I’ve been experimenting with new recipes.,"For baking, make sure your measurements are precise for the best results.",Cooking,Have you tried baking cakes or cookies recently?,Encouraging
How can I improve my cooking skills?,Cooking for your family must be so rewarding. They must love your meals.,Cooking,What’s their favorite dish that you make?,Encouraging
"I enjoy cooking, but it takes a lot of time.",You could try a fruit salad or a classic vanilla pudding for dessert.,Cooking,What kind of desserts do you and your family enjoy most?,Empathetic
I’d like to learn more about seasoning food.,"For seasoning, start simple with salt, pepper, and garlic. Experiment from there.",Cooking,What’s your favorite spice to use in meals?,Reassuring
How can I improve my cooking skills?,Improving skills takes practice! You could start by mastering basic knife skills.,Cooking,Would you like ideas for quick tips to sharpen your skills?,Patient
What’s the best way to cook healthy meals?,You could try a fruit salad or a classic vanilla pudding for dessert.,Cooking,What kind of desserts do you and your family enjoy most?,Encouraging
What’s the best way to cook healthy meals?,"For seasoning, start simple with salt, pepper, and garlic. Experiment from there.",Cooking,What’s your favorite spice to use in meals?,Encouraging
"I enjoy cooking, but it takes a lot of time.",Improving skills takes practice! You could start by mastering basic knife skills.,Cooking,Would you like ideas for quick tips to sharpen your skills?,Reassuring
"I enjoy cooking, but it takes a lot of time.","For baking, make sure your measurements are precise for the best results.",Cooking,Have you tried baking cakes or cookies recently?,Friendly
"I enjoy cooking, but it takes a lot of time.",You could try a fruit salad or a classic vanilla pudding for dessert.,Cooking,What kind of desserts do you and your family enjoy most?,Friendly
What’s a good dessert to make?,Bread making is fun! You could try a simple no-knead bread recipe to start.,Cooking,Have you baked bread before?,Patient
"I enjoy cooking, but it takes a lot of time.",Batch cooking could save time. Preparing meals ahead can make it easier.,Cooking,Would you like some tips on how to batch cook efficiently?,Encouraging
I’d like to learn more about seasoning food.,Batch cooking could save time. Preparing meals ahead can make it easier.,Cooking,Would you like some tips on how to batch cook efficiently?,Empathetic
What’s the best way to cook healthy meals?,Bread making is fun! You could try a simple no-knead bread recipe to start.,Cooking,Have you baked bread before?,Encouraging
I want to try making bread at home.,"For seasoning, start simple with salt, pepper, and garlic. Experiment from there.",Cooking,What’s your favorite spice to use in meals?,Reassuring
What’s a simple recipe I can try?,Batch cooking could save time. Preparing meals ahead can make it easier.,Cooking,Would you like some tips on how to batch cook efficiently?,Patient
I want to try making bread at home.,Batch cooking could save time. Preparing meals ahead can make it easier.,Cooking,Would you like some tips on how to batch cook efficiently?,Patient
What’s a simple recipe I can try?,Cooking healthy meals is easy with fresh ingredients like lean meats and veggies.,Cooking,Do you enjoy cooking with seasonal produce?,Reassuring
I want to try making bread at home.,Cooking healthy meals is easy with fresh ingredients like lean meats and veggies.,Cooking,Do you enjoy cooking with seasonal produce?,Reassuring
I’d like to learn more about seasoning food.,How about trying a simple vegetable stir-fry? It’s quick and healthy.,Cooking,Do you have a favorite vegetable to cook?,Patient
I’ve been experimenting with new recipes.,Improving skills takes practice! You could start by mastering basic knife skills.,Cooking,Would you like ideas for quick tips to sharpen your skills?,Patient
How can I improve my cooking skills?,Improving skills takes practice! You could start by mastering basic knife skills.,Cooking,Would you like ideas for quick tips to sharpen your skills?,Encouraging
I’d like to learn more about seasoning food.,Improving skills takes practice! You could start by mastering basic knife skills.,Cooking,Would you like ideas for quick tips to sharpen your skills?,Empathetic
I’ve been experimenting with new recipes.,Cooking healthy meals is easy with fresh ingredients like lean meats and veggies.,Cooking,Do you enjoy cooking with seasonal produce?,Friendly
What’s a good dessert to make?,"For baking, make sure your measurements are precise for the best results.",Cooking,Have you tried baking cakes or cookies recently?,Empathetic
I love cooking for my family.,How about trying a simple vegetable stir-fry? It’s quick and healthy.,Cooking,Do you have a favorite vegetable to cook?,Friendly
I’ve been experimenting with new recipes.,You could try a fruit salad or a classic vanilla pudding for dessert.,Cooking,What kind of desserts do you and your family enjoy most?,Empathetic
What’s a good dessert to make?,Bread making is fun! You could try a simple no-knead bread recipe to start.,Cooking,Have you baked bread before?,Encouraging
What’s the best way to cook healthy meals?,Improving skills takes practice! You could start by mastering basic knife skills.,Cooking,Would you like ideas for quick tips to sharpen your skills?,Friendly
How can I improve my cooking skills?,Experimenting is great! Maybe you could try making a unique pasta sauce.,Cooking,What’s the most adventurous recipe you’ve tried so far?,Friendly
I love cooking for my family.,Cooking healthy meals is easy with fresh ingredients like lean meats and veggies.,Cooking,Do you enjoy cooking with seasonal produce?,Patient
I want to try making bread at home.,"For baking, make sure your measurements are precise for the best results.",Cooking,Have you tried baking cakes or cookies recently?,Reassuring
What’s a simple recipe I can try?,Batch cooking could save time. Preparing meals ahead can make it easier.,Cooking,Would you like some tips on how to batch cook efficiently?,Encouraging
I’ve been experimenting with new recipes.,Batch cooking could save time. Preparing meals ahead can make it easier.,Cooking,Would you like some tips on how to batch cook efficiently?,Patient
What’s a good dessert to make?,You could try a fruit salad or a classic vanilla pudding for dessert.,Cooking,What kind of desserts do you and your family enjoy most?,Encouraging
I want to try making bread at home.,You could try a fruit salad or a classic vanilla pudding for dessert.,Cooking,What kind of desserts do you and your family enjoy most?,Friendly
I want to try making bread at home.,Batch cooking could save time. Preparing meals ahead can make it easier.,Cooking,Would you like some tips on how to batch cook efficiently?,Encouraging
What’s a good dessert to make?,Experimenting is great! Maybe you could try making a unique pasta sauce.,Cooking,What’s the most adventurous recipe you’ve tried so far?,Friendly
I’d like to learn more about seasoning food.,Experimenting is great! Maybe you could try making a unique pasta sauce.,Cooking,What’s the most adventurous recipe you’ve tried so far?,Reassuring
I’d like to learn more about seasoning food.,How about trying a simple vegetable stir-fry? It’s quick and healthy.,Cooking,Do you have a favorite vegetable to cook?,Encouraging
I’ve been experimenting with new recipes.,Improving skills takes practice! You could start by mastering basic knife skills.,Cooking,Would you like ideas for quick tips to sharpen your skills?,Encouraging
I’ve been experimenting with new recipes.,"For seasoning, start simple with salt, pepper, and garlic. Experiment from there.",Cooking,What’s your favorite spice to use in meals?,Friendly
"I enjoy cooking, but it takes a lot of time.",Experimenting is great! Maybe you could try making a unique pasta sauce.,Cooking,What’s the most adventurous recipe you’ve tried so far?,Patient
I love cooking for my family.,Improving skills takes practice! You could start by mastering basic knife skills.,Cooking,Would you like ideas for quick tips to sharpen your skills?,Patient
Do you have tips for baking?,"For seasoning, start simple with salt, pepper, and garlic. Experiment from there.",Cooking,What’s your favorite spice to use in meals?,Empathetic
What’s a simple recipe I can try?,You could try a fruit salad or a classic vanilla pudding for dessert.,Cooking,What kind of desserts do you and your family enjoy most?,Reassuring
What’s a good dessert to make?,Batch cooking could save time. Preparing meals ahead can make it easier.,Cooking,Would you like some tips on how to batch cook efficiently?,Empathetic
How can I improve my cooking skills?,Cooking healthy meals is easy with fresh ingredients like lean meats and veggies.,Cooking,Do you enjoy cooking with seasonal produce?,Friendly
